SET IDENTITY_INSERT [User] ON
INSERT INTO [User]
  ([Id], [Name], [Email], [FirebaseUserId])
VALUES 
  (1, 'Rick', 'rick@mail.com', 'ziDhK8laHaMNnRGckNdUB9mQvqV2'),
  (2, 'Morgan', 'morgan@mail.com', 'GnBP8stdEnNEVQJZQ9QAL7C3BAq1'),
  (3, 'Simon', 'simon@mail.com', 'vgd18v2ubfhLcu6YIv9T9R7ZYtA2');
SET IDENTITY_INSERT [User] OFF


SET IDENTITY_INSERT [Conditions] ON
INSERT INTO [Conditions]
  ([Id], [Label])
VALUES
  (1, 'Calm'),
  (2, 'Windy'),
  (3, 'Rainy'),
  (4, 'Snowy');
SET IDENTITY_INSERT [Conditions] OFF


SET IDENTITY_INSERT [Course] ON
INSERT INTO [Course]
  ([Id], [Name], [Location], [Description])
VALUES
  (1, 'Two Rivers', 'Nashville, TN', 'Open course that has a lot of elevation change.'),
  (2, 'Seven Oaks', 'Nashville, TN', 'While this course is mostly wooded, there are some open holes. Regardless, the fairways tend to stay relatively open throughout.'),
  (3, 'Cedar Hill', 'Nashville, TN', 'Technical course that demands both distance and the ability to navigate through its tightly wooded fairways.'),
  (4, 'Whitehouse', 'White House, TN', 'Technical, well-maintained course that demands a variety of shot types.'),
  (5, 'Sanders Ferry', 'Hendersonville, TN', 'Gently rolling terrain with large trees and several water shots.'),
  (6, 'Crockett', 'Brentwood, TN', 'Course on gently rolling hills that features a variety of open and wooded holes. Often very windy on the back nine.'),
  (7, 'Ethan Page', 'Mt. Juliet, TN', 'Short, heavily wooded course that focuses on putter shots'),
  (8, 'Naval Hill', 'Nashville, TN', 'Lightly wooded and very hilly course. Has a lot of great shot shaping opportunities.'),
  (9, 'Sharp Springs', 'Smyrna, TN', 'Well laid out course that has a mix of open and wooded baskets. Small elevation changes throughtout.'),
  (10, 'Barfield Crescent', 'Murfreesboro, TN', '18 holes split evenly equally between wide open distance holes and challenging wooded holes.'),
  (11, 'Cane Ridge Advanced', 'Antioch, TN', 'Challenging wooded course with great shot variety.');

SET IDENTITY_INSERT [Course] OFF


SET IDENTITY_INSERT [Scorecard] ON
INSERT INTO [Scorecard]
  ([Id], [CourseId], [UserId], [ConditionsId], [CreateDateTime])
VALUES
  (1, 1, 1, 2, '06-22-2020'),
  (2, 2, 1, 1, '08-23-2020');
SET IDENTITY_INSERT [Scorecard] OFF


SET IDENTITY_INSERT [Hole] ON
INSERT INTO [Hole]
  ([Id], [Number], [Par], [Distance], [CourseId])
VALUES
  (1, 1, 4, 433, 1),
  (2, 2, 3, 305, 1),
  (3, 3, 4, 614, 1),
  (4, 4, 3, 239, 1),
  (5, 5, 3, 345, 1),
  (6, 6, 3, 310, 1),
  (7, 7, 3, 367, 1),
  (8, 8, 3, 259, 1),
  (9, 9, 3, 337, 1),
  (10, 10, 3, 239, 1),
  (11, 11, 3, 335, 1),
  (12, 12, 4, 423, 1),
  (13, 13, 3, 343, 1),
  (14, 14, 3, 385, 1),
  (15, 15, 3, 213, 1),
  (16, 16, 3, 307, 1),
  (17, 17, 3, 311, 1),
  (18, 18, 3, 307, 1),
  (19, 1, 3, 277, 2),
  (20, 2, 3, 373, 2),
  (21, 3, 3, 309, 2),
  (22, 4, 3, 207, 2),
  (23, 5, 3, 234, 2),
  (24, 6, 3, 258, 2),
  (25, 7, 3, 236, 2),
  (26, 8, 3, 296, 2),
  (27, 9, 3, 313, 2),
  (28, 10, 3, 300, 2),
  (29, 11, 3, 219, 2),
  (30, 12, 3, 251, 2),
  (31, 13, 3, 331, 2),
  (32, 14, 3, 410, 2),
  (33, 15, 3, 301, 2),
  (34, 16, 3, 314, 2),
  (35, 17, 3, 264, 2),
  (36, 18, 4, 427, 2),
  (37, 1, 4, 445, 3),
  (38, 2, 4, 322, 3),
  (39, 3, 3, 341, 3),
  (40, 4, 3, 267, 3),
  (41, 5, 3, 199, 3),
  (42, 6, 3, 228, 3),
  (43, 7, 4, 627, 3),
  (44, 8, 3, 287, 3),
  (45, 9, 3, 378, 3),
  (46, 10, 3, 291, 3),
  (47, 11, 3, 269, 3),
  (48, 12, 3, 331, 3),
  (49, 13, 3, 258, 3),
  (50, 14, 3, 329, 3),
  (51, 15, 4, 605, 3),
  (52, 16, 3, 319, 3),
  (53, 17, 3, 427, 3),
  (54, 18, 4, 509, 3),
  (55, 1, 4, 356, 4),
  (56, 2, 3, 202, 4),
  (57, 3, 4, 435, 4),
  (58, 4, 3, 351, 4),
  (59, 5, 3, 263, 4),
  (60, 6, 3, 277, 4),
  (61, 7, 3, 239, 4),
  (62, 8, 3, 151, 4),
  (63, 9, 3, 190, 4),
  (64, 10, 3, 214, 4),
  (65, 11, 3, 259, 4),
  (66, 12, 3, 230, 4),
  (67, 13, 3, 289, 4),
  (68, 14, 3, 258, 4),
  (69, 15, 3, 198, 4),
  (70, 16, 3, 289, 4),
  (71, 17, 3, 347, 4),
  (72, 18, 3, 449, 4),
  (73, 1, 3, 302, 5),
  (74, 2, 3, 315, 5),
  (75, 3, 4, 392, 5),
  (76, 4, 3, 353, 5),
  (77, 5, 4, 475, 5),
  (78, 6, 3, 376, 5),
  (79, 7, 3, 307, 5),
  (80, 8, 3, 391, 5),
  (81, 9, 3, 545, 5),
  (82, 10, 4, 519, 5),
  (83, 11, 3, 337, 5),
  (84, 12, 3, 239, 5),
  (85, 13, 3, 210, 5),
  (86, 14, 3, 266, 5),
  (87, 15, 3, 239, 5),
  (88, 16, 3, 223, 5),
  (89, 17, 3, 283, 5),
  (90, 18, 3, 407, 5),
  (91, 1, 3, 296, 6),
  (92, 2, 3, 312, 6),
  (93, 3, 3, 262, 6),
  (94, 4, 4, 364, 6),
  (95, 5, 3, 219, 6),
  (96, 6, 3, 172, 6),
  (97, 7, 3, 224, 6),
  (98, 8, 3, 176, 6),
  (99, 9, 4, 470, 6),
  (100, 10, 3, 312, 6),
  (101, 11, 3, 291, 6),
  (102, 12, 3, 258, 6),
  (103, 13, 3, 179, 6),
  (104, 14, 3, 365, 6),
  (105, 15, 3, 231, 6),
  (106, 16, 3, 226, 6),
  (107, 17, 3, 276, 6),
  (108, 18, 3, 346, 6),
  (109, 1, 3, 130, 7),
  (110, 2, 3, 207, 7),
  (111, 3, 3, 231, 7),
  (112, 4, 3, 193, 7),
  (113, 5, 3, 245, 7),
  (114, 6, 3, 174, 7),
  (115, 7, 3, 129, 7),
  (116, 8, 3, 172, 7),
  (117, 9, 3, 157, 7),
  (118, 10, 3, 179, 7),
  (119, 11, 3, 172, 7),
  (120, 12, 3, 157, 7),
  (121, 13, 2, 122, 7),
  (122, 14, 3, 172, 7),
  (123, 15, 3, 146, 7),
  (124, 16, 2, 94, 7),
  (125, 17, 3, 151, 7),
  (126, 18, 3, 211, 7),
  (127, 1, 3, 302, 8),
  (128, 2, 3, 296, 8),
  (129, 3, 3, 360, 8),
  (130, 4, 3, 285, 8),
  (131, 5, 3, 291, 8),
  (132, 6, 3, 261, 8),
  (133, 7, 3, 380, 8),
  (134, 8, 3, 251, 8),
  (135, 9, 3, 246, 8),
  (136, 10, 3, 335, 8),
  (137, 11, 3, 300, 8),
  (138, 12, 3, 250, 8),
  (139, 13, 3, 359, 8),
  (140, 14, 3, 455, 8),
  (141, 15, 4, 646, 8),
  (142, 16, 3, 368, 8),
  (143, 17, 3, 333, 8),
  (144, 18, 3, 282, 8),
  (145, 1, 3, 299, 9),
  (146, 2, 3, 310, 9),
  (147, 3, 3, 211, 9),
  (148, 4, 3, 413, 9),
  (149, 5, 3, 248, 9),
  (150, 6, 3, 409, 9),
  (151, 7, 3, 301, 9),
  (152, 8, 3, 214, 9),
  (153, 9, 3, 192, 9),
  (154, 10, 3, 295, 9),
  (155, 11, 3, 346, 9),
  (156, 12, 3, 294, 9),
  (157, 13, 3, 332, 9),
  (158, 14, 3, 392, 9),
  (159, 15, 3, 275, 9),
  (160, 16, 3, 370, 9),
  (161, 17, 3, 295, 9),
  (162, 18, 3, 295, 9),
  (163, 1, 3, 303, 10),
  (164, 2, 3, 324, 10),
  (165, 3, 3, 319, 10),
  (166, 4, 3, 217, 10),
  (167, 5, 3, 186, 10),
  (168, 6, 3, 205, 10),
  (169, 7, 3, 247, 10),
  (170, 8, 3, 324, 10),
  (171, 9, 3, 316, 10),
  (172, 10, 4, 378, 10),
  (173, 11, 4, 371, 10),
  (174, 12, 3, 333, 10),
  (175, 13, 3, 198, 10),
  (176, 14, 3, 218, 10),
  (177, 15, 3, 205, 10),
  (178, 16, 4, 324, 10),
  (179, 17, 3, 328, 10),
  (180, 18, 3, 384, 10),
  (181, 1, 3, 397, 11),
  (182, 2, 4, 737, 11),
  (183, 3, 4, 548, 11),
  (184, 4, 3, 332, 11),
  (185, 5, 3, 285, 11),
  (186, 6, 4, 349, 11),
  (187, 7, 3, 205, 11),
  (188, 8, 3, 241, 11),
  (189, 9, 3, 176, 11),
  (190, 10, 3, 318, 11),
  (191, 11, 4, 528, 11),
  (192, 12, 3, 319, 11),
  (193, 13, 3, 298, 11),
  (194, 14, 4, 428, 11),
  (195, 15, 3, 275, 11),
  (196, 16, 3, 202, 11),
  (197, 17, 3, 284, 11),
  (198, 18, 4, 367, 11);
SET IDENTITY_INSERT [Hole] OFF


SET IDENTITY_INSERT [ShotType] ON
INSERT INTO [ShotType]
  ([Id], [Label])
VALUES
  (1, 'Backhand'),
  (2, 'Forehand'),
  (3, 'Grenade'),
  (4, 'Thumber'),
  (5, 'Hammer');
SET IDENTITY_INSERT [ShotType] OFF


SET IDENTITY_INSERT [ShotRange] ON
INSERT INTO [ShotRange]
  ([Id], [Label])
VALUES
  (1, 'Drive'),
  (2, 'Fairway Drive'),
  (3, 'Approach'),
  (4, 'Putt'),
  (5, 'Pitch Out'),
  (6, 'Tap In');
SET IDENTITY_INSERT [ShotRange] OFF


SET IDENTITY_INSERT [ShotSelection] ON
INSERT INTO [ShotSelection]
  ([Id], [Label])
VALUES
  (1, 'Hyzer'),
  (2, 'Turnover'),
  (3, 'Flex'),
  (4, 'Straight'),
  (5, 'Spike Hyzer'),
  (6, 'Hyzerflip'),
  (7, 'Roller'),
  (8, 'Other');
SET IDENTITY_INSERT [ShotSelection] OFF


SET IDENTITY_INSERT [QualityOfShot] ON
INSERT INTO [QualityOfShot]
  ([Id], [Label])
VALUES
  (1, 'Good'),
  (2, 'Average'),
  (3, 'Bad'),
  (4, 'Out of Bounds');
SET IDENTITY_INSERT [QualityOfShot] OFF


SET IDENTITY_INSERT [DiscType] ON
INSERT INTO [DiscType]
  ([Id], [Label])
VALUES
  (1, 'Distance Driver'),
  (2, 'Fairway Driver'),
  (3, 'Midrange'),
  (4, 'Putter'),
  (5, 'Utility');
SET IDENTITY_INSERT [DiscType] OFF


SET IDENTITY_INSERT [Disc] ON
INSERT INTO [Disc]
  ([Id], [Name], [Weight], [Plastic], [DiscTypeId], [UserId], [IsActive])
VALUES
  (1, 'Discraft Buzz', 180, 'ESP', 3, 1, 1),
  (2, 'Discmania Link (Hard)', 175, 'Exo Hard', 4, 1, 1),
  (3, 'Discmania Link (Soft)', 173, 'Exo Soft', 4, 1, 1),
  (4, 'Discraft Surge', 172, 'ESP', 1, 1, 1),
  (5, 'Discmania FD', 175, 'S-Line', 2, 1, 1),
  (6, 'Innova Teebird', 174, 'Champion', 2, 1, 1),
  (7, 'Innova Firebird', 173, 'Champion Glow', 5, 1, 1),
  (8, 'Innova Destroyer', 175, 'Star', 1, 1, 1),
  (9, 'Discraft Meteor', 177, 'Z', 3, 1, 1),
  (10, 'Discraft Zone', 178, 'ESP', 4, 1, 1),
  (11, 'Innova Sidewinder', 174, 'Champion', 2, 1, 1),
  (12, 'Gateway Journey', 167, 'Diamond', 1, 1, 1);
SET IDENTITY_INSERT [Disc] OFF


SET IDENTITY_INSERT [Shot] ON
INSERT INTO [Shot]
  ([Id], [ScorecardId], [UserId], [HoleId], [QualityOfShotId], [DiscId], [ShotRangeId], [ShotTypeId], [ShotSelectionId], [IsObstructed])
VALUES
  (1, 1, 1, 1, 1, 4, 1, 1, 3, 0),
  (2, 1, 1, 1, 3, 2, 3, 1, 1, 0),
  (3, 1, 1, 1, 2, 3, 4, 1, 4, 0),
  (4, 1, 1, 1, 1, 3, 4, 1, 4, 0),
  (5, 1, 1, 2, 1, 5, 1, 1, 1, 0),
  (6, 1, 1, 2, 1, 3, 4, 1, 4, 0),
  (7, 1, 1, 3, 1, 1, 1, 1, 3, 0),
  (8, 1, 1, 3, 1, 11, 2, 2, 2, 0),
  (9, 1, 1, 3, 1, 3, 4, 1, 4, 0),
  (10, 1, 1, 4, 1, 4, 1, 1, 5, 0),
  (11, 1, 1, 4, 1, 3, 4, 1, 4, 0),
  (12, 1, 1, 5, 2, 4, 1, 1, 3, 0),
  (13, 1, 1, 5, 2, 2, 3, 1, 4, 0),
  (14, 1, 1, 5, 1, 3, 4, 1, 4, 0),
  (15, 1, 1, 6, 1, 4, 1, 1, 1, 0),
  (16, 1, 1, 6, 1, 2, 3, 1, 1, 0),
  (17, 1, 1, 6, 2, 3, 4, 1, 4, 0),
  (18, 1, 1, 7, 3, 4, 1, 2, 3, 0),
  (19, 1, 1, 7, 1, 1, 3, 1, 4, 0),
  (20, 1, 1, 7, 1, 3, 4, 1, 4, 0),
  (21, 1, 1, 8, 2, 8, 1, 1, 1, 0),
  (22, 1, 1, 8, 1, 2, 3, 1, 4, 0),
  (23, 1, 1, 8, 1, 3, 6, 1, 4, 0),
  (24, 1, 1, 9, 2, 4, 1, 1, 3, 0),
  (25, 1, 1, 9, 2, 2, 3, 1, 4, 0),
  (26, 1, 1, 9, 1, 3, 6, 1, 1, 0),
  (27, 1, 1, 10, 1, 1, 1, 1, 1, 0),
  (28, 1, 1, 10, 1, 3, 4, 1, 4, 0),
  (29, 1, 1, 11, 3, 4, 1, 1, 1, 0),
  (30, 1, 1, 11, 2, 8, 2, 2, 1, 1),
  (31, 1, 1, 11, 1, 3, 4, 1, 4, 0),
  (32, 1, 1, 12, 1, 4, 1, 1, 1, 0),
  (33, 1, 1, 12, 3, 5, 3, 1, 4, 0),
  (34, 1, 1, 12, 3, 3, 4, 1, 2, 0),
  (35, 1, 1, 12, 1, 3, 6, 1, 4, 0),
  (36, 1, 1, 13, 1, 4, 1, 1, 3, 0),
  (37, 1, 1, 13, 2, 3, 4, 1, 4, 0),
  (38, 1, 1, 13, 1, 3, 4, 1, 4, 0),
  (39, 1, 1, 14, 1, 4, 1, 1, 3, 0),
  (40, 1, 1, 14, 1, 2, 3, 1, 4, 0),
  (41, 1, 1, 14, 1, 3, 4, 1, 4, 0),
  (42, 1, 1, 15, 2, 4, 1, 1, 1, 0),
  (43, 1, 1, 15, 3, 3, 4, 1, 4, 0),
  (44, 1, 1, 15, 1, 3, 4, 1, 4, 0),
  (45, 1, 1, 16, 1, 4, 1, 2, 1, 0),
  (46, 1, 1, 16, 2, 3, 4, 1, 4, 0),
  (47, 1, 1, 16, 1, 3, 6, 1, 4, 0),
  (48, 1, 1, 17, 1, 4, 1, 1, 7, 0),
  (49, 1, 1, 17, 1, 3, 4, 1, 4, 0),
  (50, 1, 1, 18, 2, 5, 1, 1, 1, 0),
  (51, 1, 1, 18, 2, 3, 4, 1, 4, 0),
  (52, 1, 1, 18, 1, 3, 6, 1, 4, 0),
  (53, 2, 1, 19, 1, 4, 1, 2, 1, 0),
  (54, 2, 1, 19, 1, 3, 4, 1, 4, 0),
  (55, 2, 1, 20, 1, 12, 1, 1, 2, 0),
  (56, 2, 1, 20, 1, 3, 4, 1, 4, 0),
  (57, 2, 1, 21, 1, 5, 1, 1, 4, 0),
  (58, 2, 1, 21, 1, 3, 4, 1, 4, 0),
  (59, 2, 1, 22, 1, 1, 1, 1, 1, 0),
  (60, 2, 1, 22, 1, 3, 6, 1, 4, 0),
  (61, 2, 1, 23, 2, 5, 1, 1, 4, 0),
  (62, 2, 1, 23, 3, 10, 3, 2, 3, 1),
  (63, 2, 1, 23, 2, 3, 4, 1, 1, 0),
  (64, 2, 1, 23, 1, 3, 6, 1, 4, 0),
  (65, 2, 1, 24, 2, 9, 1, 1, 2, 0),
  (66, 2, 1, 24, 2, 10, 3, 2, 2, 1),
  (67, 2, 1, 24, 2, 3, 4, 1, 4, 0),
  (68, 2, 1, 24, 1, 3, 4, 1, 4, 0),
  (69, 2, 1, 25, 1, 2, 1, 1, 4, 0),
  (70, 2, 1, 25, 2, 3, 4, 1, 4, 0),
  (71, 2, 1, 26, 2, 9, 1, 1, 2, 0),
  (72, 2, 1, 26, 1, 2, 3, 1, 1, 1),
  (73, 2, 1, 26, 1, 3, 4, 1, 4, 0),
  (74, 2, 1, 27, 2, 4, 1, 1, 3, 0),
  (75, 2, 1, 27, 2, 2, 3, 1, 2, 1),
  (76, 2, 1, 27, 1, 3, 4, 1, 4, 0),
  (77, 2, 1, 28, 3, 5, 1, 1, 6, 0),
  (78, 2, 1, 28, 2, 1, 2, 1, 1, 1),
  (79, 2, 1, 28, 2, 3, 4, 1, 4, 0),
  (80, 2, 1, 28, 1, 3, 4, 1, 4, 0),
  (81, 2, 1, 29, 1, 9, 1, 1, 6, 0),
  (82, 2, 1, 29, 1, 3, 4, 1, 1, 1),
  (83, 2, 1, 30, 2, 1, 1, 1, 1, 0),
  (84, 2, 1, 30, 2, 2, 3, 1, 1, 0),
  (85, 2, 1, 30, 1, 3, 4, 1, 4, 0),
  (86, 2, 1, 31, 1, 4, 1, 1, 3, 0),
  (87, 2, 1, 31, 1, 3, 4, 1, 4, 0),
  (88, 2, 1, 32, 2, 4, 1, 1, 3, 0),
  (89, 2, 1, 32, 3, 2, 3, 1, 4, 0),
  (90, 2, 1, 32, 2, 2, 3, 1, 1, 1),
  (91, 2, 1, 32, 2, 3, 4, 1, 4, 0),
  (92, 2, 1, 33, 2, 8, 1, 2, 3, 0),
  (93, 2, 1, 33, 2, 2, 3, 1, 2, 0),
  (94, 2, 1, 33, 1, 3, 4, 1, 4, 0),
  (95, 2, 1, 34, 3, 4, 1, 1, 3, 0),
  (96, 2, 1, 34, 2, 11, 2, 2, 2, 1),
  (97, 2, 1, 34, 2, 3, 4, 1, 4, 0),
  (98, 2, 1, 34, 1, 3, 6, 1, 4, 0),
  (99, 2, 1, 35, 1, 4, 1, 2, 3, 0),
  (100, 2, 1, 35, 1, 3, 4, 1, 4, 0),
  (101, 2, 1, 36, 1, 12, 1, 1, 2, 0),
  (102, 2, 1, 36, 1, 10, 3, 2, 3, 0),
  (103, 2, 1, 36, 3, 3, 4, 1, 4, 0),
  (104, 2, 1, 36, 1, 3, 6, 1, 4, 0);
SET IDENTITY_INSERT [Shot] OFF